{
  "user": [
    {
      "id": "418",
      "name": "Parth",
      "email": "parth@gmail.com",
      "password": "123",
      "repeatpassword": "123"
    },
    {
      "id": "2",
      "name": "Virali Talajiya",
      "email": "aman@gmail.com",
      "password": "123",
      "repeatpassword": "123"
    }
  ],
  "contact": [
    {
      "id": "689",
      "name": "Virali Talajiya",
      "email": "viralinavadiya@gmail.com",
      "tel": "8058583870",
      "msg": "hello Tops"
    },
    {
      "id": "374",
      "name": "aman",
      "email": "aman@gmail.com",
      "tel": "8058583870",
      "msg": "hello Tops"
    },
    {
      "id": "885",
      "name": "amc",
      "email": "abc@gmail.com",
      "tel": "8058583870",
      "msg": "hello Tops"
    }
  ],
  "admin": []
}